Type,Name,2/18,2/19,2/20,2/21,2/22,2/23,2/24,2/25,2/26,2/27,2/28,2/29,3/1,3/2,3/3,3/4,3/5,3/6,3/7,3/8,3/9,3/10,3/11,3/12,3/13,3/14,3/15,3/16,3/17,3/18,3/19,3/20,3/21,3/22,3/23,3/24,3/25,3/26,3/27,3/28,3/29,3/30,3/31,4/1,4/2,4/3,4/4,4/5,4/6,4/7,4/8,4/9,4/10,4/11,4/12,4/13,4/14,4/15,4/16,4/17,4/18,4/19,4/20,4/21,4/22,4/23,4/24,4/25,4/26,4/27,4/28,4/29,4/30,5/1,5/2,5/3,5/4,5/5,5/6,5/7,5/8,5/9,5/10,5/11,5/12,5/13,5/14,5/15,5/16,5/17,5/18,5/19,5/20,5/21,5/22,5/23
country,Global,-1,3,-1,-2,1,4,1,1,-2,-3,-1,1,0,-8,-9,-6,-7,-7,-4,-3,-14,-18,-19,-28,-36,-40,-47,-56,-83,-89,-96.03,-97.94,-98.96,-99.24,-99.68,-99.72,-99.75,-99.79,-99.83,-99.85,-99.89,-99.83,-99.87,-99.91,-99.92,-99.92,-99.94,-99.94,-99.93,-99.94,-99.94,-100,-99.94,-99.95,-99.95,-99.94,-99.94,-99.93,-99.93,-99.93,-99.93,-99.94,-99.95,-99.93,-99.92,-99.94,-99.94,-99.92,-99.94,-99.85,-99.86,-99.84,-99.79,-99,-99.12,-99.26,-98.38,-98.26,-98.37,-98.16,-97.62,-97.57,-97.22,-96.25,-96.26,-95.92,-95.53,-93.99,-93.34,-93.9,-93.53,-92.39,-91.3,-89.17,-87.85,-87.75
country,Australia,-3,-6,-3,-1,0,0,0,-2,-2,-7,0,-1,4,-12,-6,-12,-8,-6,-3,-4,-10,-4,-10,-12,-8,-11,-12,-30,-43,-50,-53,-51.67,-53.61,-65.53,-99.82,-100,-100,-100,-100,-100,-100,-100,-100,-100,-100,-100,-100,-100,-100,-100,-100,-100,-100,-100,-100,-100,-100,-100,-100,-100,-100,-100,-100,-100,-100,-100,-100,-100,-100,-100,-100,-100,-100,-100,-100,-100,-100,-100,-100,-100,-100,-100,-100,-98.51,-99.03,-98.57,-99.03,-97.01,-94.61,-94.71,-92.67,-92.86,-92.64,-91.21,-90.45,-91.19
country,Canada,-5,0,-3,-2,-1,8,-2,-3,1,-12,-8,-4,-7,-12,-7,-2,-4,-8,-9,-1,-13,-18,-19,-28,-40,-41,-47,-60,-94,-97,-99.47,-99.72,-99.89,-99.94,-99.97,-99.99,-99.97,-99.98,-99.98,-100,-100,-100,-100,-100,-100,-100,-100,-100,-100,-100,-100,-100,-100,-100,-100,-100,-100,-100,-100,-99.99,-99.99,-100,-100,-100,-100,-100,-99.99,-99.99,-100,-100,-100,-100,-100,-99.99,-100,-100,-100,-100,-100,-100,-100,-99.99,-100,-99.93,-99.94,-99.89,-99.2,-98.92,-98.56,-98.56,-98.13,-94.83,-94.39,-94.49,-94.57,-93.98
country,Germany,11,4,3,5,1,2,11,4,5,5,11,7,9,-8,0,-4,-6,-7,4,11,-10,-16,-11,-17,-28,-38,-46,-63,-90,-95,-98.36,-98.79,-99.78,-99.96,-100,-100,-100,-100,-100,-100,-100,-100,-100,-100,-100,-100,-100,-100,-100,-100,-100,-100,-99.86,-100,-100,-100,-99.94,-100,-100,-100,-100,-100,-100,-100,-100,-100,-100,-100,-100,-100,-100,-100,-99.91,-100,-99.97,-100,-100,-100,-100,-100,-100,-99.42,-99.48,-94.49,-95.32,-91.52,-91.52,-79.98,-79.03,-73.93,-62.32,-65.14,-55.65,-24.4,-50.23,-60.52
country,Ireland,2,0,4,1,-3,4,-9,-8,-10,-2,-10,-13,10,-6,-7,-1,-15,-13,-5,4,-10,-28,-27,-46,-51,-52,-75,-70,-86,-97,-98.55,-99.08,-98.76,-98.31,-100,-99.55,-100,-100,-100,-100,-100,-100,-100,-100,-100,-100,-100,-100,-100,-100,-100,-100,-100,-100,-100,-100,-100,-100,-99.68,-100,-100,-100,-100,-100,-100,-100,-100,-100,-100,-100,-100,-100,-100,-100,-100,-100,-100,-100,-100,-100,-100,-100,-100,-99.2,-99.08,-98.57,-98.48,-98.62,-90.79,-96.9,-99.11,-99.29,-99.54,-97.33,-98.58,-94.7
country,Mexico,-5,-5,-4,-3,-1,2,-1,-3,-9,-7,-10,-5,-7,-7,-10,-6,-6,-8,-2,-5,-19,-16,-15,-16,-16,-21,-35,-48,-62,-73,-78.41,-85.12,-90.81,-95.2,-94.6,-95.81,-96.6,-97.33,-97.12,-97.09,-98.51,-97.87,-98.7,-99.24,-99.62,-99.53,-99.5,-99.85,-99.25,-99.72,-99.77,-100,-99.82,-99.72,-99.79,-99.77,-99.77,-99.85,-99.77,-99.73,-99.59,-99.84,-99.88,-99.81,-99.82,-99.8,-99.83,-99.75,-99.96,-99.86,-99.83,-99.83,-99.78,-99.7,-99.79,-99.76,-99.44,-99.48,-99.8,-99.54,-99.86,-99.38,-98.74,-99.4,-99.11,-99.35,-98.94,-98.53,-98.68,-99.14,-98.76,-98.33,-98.17,-98.11,-97.44,-97.72
country,United Kingdom,1,-1,-2,0,-1,-4,-6,-5,-5,-8,-2,-3,-2,-7,-11,-9,-12,-5,-3,1,-18,-17,-14,-24,-26,-20,-31,-52,-82,-88,-91.08,-93.93,-99.96,-99.99,-100,-100,-100,-100,-100,-100,-100,-100,-100,-100,-100,-100,-100,-100,-100,-100,-100,-100,-100,-100,-100,-100,-100,-100,-100,-100,-100,-100,-100,-100,-100,-100,-100,-100,-100,-100,-100,-100,-100,-100,-100,-100,-100,-100,-100,-100,-100,-100,-100,-99.49,-99.3,-99.32,-98.92,-99.12,-97.5,-98.88,-99.38,-98.85,-99,-98.64,-98.87,-98.02
country,United States,0,4,0,-1,2,6,2,2,-1,-1,1,3,2,-7,-9,-5,-5,-6,-3,-2,-14,-18,-19,-28,-36,-42,-48,-56,-84,-91,-97.54,-99.35,-99.89,-99.93,-99.97,-99.97,-99.98,-99.98,-99.99,-99.98,-100,-99.99,-99.99,-99.99,-99.98,-99.97,-99.98,-99.99,-100,-99.99,-99.97,-100,-99.97,-99.98,-99.99,-99.99,-99.99,-99.97,-99.96,-99.97,-99.97,-99.98,-99.99,-99.97,-99.97,-99.98,-99.97,-99.97,-99.99,-99.89,-99.9,-99.91,-99.86,-98.81,-98.97,-99.16,-98.04,-97.98,-98.02,-97.75,-97.06,-97.12,-96.86,-95.67,-95.62,-95.31,-94.94,-93.55,-93.03,-93.64,-93.66,-92.63,-91.62,-89.83,-87.31,-87.04
state,Alabama,-14,7,1,-2,8,2,1,0,-8,-3,-3,-11,2,-32,-29,-23,-15,-3,11,-10,-11,-26,-8,-2,-24,-28,-38,-57,-74,-78,-96.77,-100,-100,-100,-100,-100,-100,-100,-100,-100,-100,-100,-100,-100,-100,-100,-100,-100,-100,-100,-100,-100,-100,-100,-100,-100,-100,-100,-100,-100,-100,-100,-100,-100,-100,-100,-100,-100,-100,-100,-100,-100,-100,-100,-100,-100,-100,-100,-100,-100,-99.6,-99.56,-99.57,-86.28,-87.74,-77.51,-77.78,-73.6,-69.99,-71.98,-75.11,-75.25,-69.56,-66.91,-65.27,-59.58
state,Alberta,2,10,2,1,5,0,-1,3,-1,-4,3,2,-4,-10,-4,-1,-8,1,-16,-7,-13,-10,-8,-23,-43,-44,-49,-65,-89,-96,-98.49,-99.13,-99.65,-99.81,-99.84,-99.96,-99.82,-99.9,-99.91,-100,-100,-100,-100,-100,-100,-100,-100,-100,-100,-100,-100,-100,-100,-100,-100,-100,-100,-100,-100,-100,-100,-100,-100,-100,-100,-100,-100,-100,-100,-100,-100,-100,-100,-100,-100,-100,-100,-100,-100,-100,-100,-100,-100,-100,-100,-99.97,-95.37,-93.26,-93.08,-92.25,-88.21,-86.67,-86,-86.87,-87.54,-86.61
state,Arizona,0,1,8,4,-3,5,2,5,1,3,2,1,-2,-7,-10,0,-4,-3,-2,-3,-7,-14,-20,-18,-26,-24,-37,-54,-77,-93,-95.55,-97.96,-99.95,-99.96,-100,-99.94,-100,-99.9,-99.96,-100,-100,-99.96,-100,-100,-99.99,-100,-99.95,-100,-100,-100,-100,-100,-100,-100,-100,-100,-100,-100,-100,-100,-99.98,-100,-100,-100,-99.78,-100,-100,-100,-100,-100,-99.99,-100,-100,-100,-100,-100,-100,-100,-100,-100,-100,-100,-100,-76.75,-79.94,-78.98,-76.78,-73.65,-72.46,-72.66,-74.35,-71.06,-71.09,-65.36,-61.67,-59.9
state,Baja California Sur,-6,-2,-2,-9,1,1,29,6,9,10,-18,-13,-15,3,-17,0,0,-8,-8,-11,-17,-20,-17,-12,-23,-34,-29,-33,-42,-44,-56.15,-73.34,-83.7,-92.61,-96.23,-97.54,-97.56,-97.53,-97.85,-97.82,-98.7,-99.45,-99.02,-99.89,-99.29,-99.69,-99.63,-100,-100,-100,-99.91,-100,-100,-100,-100,-100,-100,-100,-100,-100,-100,-100,-100,-100,-100,-100,-100,-100,-100,-100,-100,-100,-100,-100,-100,-100,-100,-100,-100,-100,-100,-100,-100,-99.74,-98.25,-97.43,-99.03,-93.22,-99.3,-100,-100,-100,-98.93,-97.1,-96.14,-96.44
state,British Columbia,8,-3,1,6,3,-2,-3,-5,0,-4,-2,-2,-8,-11,-7,-4,-6,-6,-11,-6,-3,-15,-13,-21,-30,-30,-38,-54,-92,-97,-99.58,-99.81,-99.96,-100,-100,-100,-100,-100,-100,-100,-100,-100,-100,-100,-100,-100,-100,-100,-100,-100,-100,-100,-100,-100,-100,-100,-100,-100,-100,-100,-100,-100,-100,-100,-100,-100,-100,-100,-100,-100,-100,-100,-100,-100,-100,-100,-100,-100,-100,-100,-100,-100,-100,-100,-100,-99.81,-99.87,-100,-99.92,-100,-99.96,-87.91,-88.5,-86.19,-86.39,-84.37
state,California,-2,2,5,0,-2,7,3,6,4,3,5,9,-3,-6,-4,-3,-10,-8,-5,-5,-18,-27,-23,-38,-42,-47,-55,-70,-96,-99,-99.74,-99.99,-99.99,-99.99,-100,-99.99,-100,-100,-99.99,-100,-100,-99.98,-100,-100,-100,-100,-100,-100,-100,-100,-99.98,-100,-100,-100,-100,-100,-100,-99.98,-100,-100,-100,-100,-100,-100,-100,-100,-100,-100,-100,-100,-100,-100,-100,-100,-100,-100,-100,-100,-100,-99.98,-99.97,-99.98,-99.97,-99.95,-99.94,-99.89,-99.75,-99.63,-99.63,-99.67,-99.59,-99.62,-99.29,-99.19,-97.58,-96.3
state,Colorado,1,-8,-4,7,1,-8,-2,-4,-1,-2,0,22,26,-1,-6,-6,-4,-8,-10,-6,-13,-17,-8,-17,-41,-45,-52,-66,-98,-100,-100,-100,-100,-100,-100,-100,-100,-100,-100,-100,-100,-100,-100,-100,-100,-100,-100,-100,-100,-100,-100,-100,-100,-99.97,-100,-100,-100,-100,-100,-100,-100,-100,-100,-100,-100,-99.9,-100,-100,-100,-100,-100,-100,-100,-99.88,-100,-100,-99.93,-99.93,-99.99,-99.8,-99.97,-99.96,-100,-99.91,-99.86,-99.88,-99.6,-99.61,-99.67,-99.8,-99.84,-99.78,-99.63,-99.7,-99.75,-99.56
state,Connecticut,8,26,1,-3,-6,2,-2,6,9,-8,-1,4,13,13,-9,-6,-7,-8,-8,0,-12,-20,-20,-43,-50,-58,-57,-55,-100,-100,-100,-100,-100,-100,-100,-100,-100,-100,-100,-100,-100,-100,-100,-100,-100,-100,-100,-100,-100,-100,-100,-100,-100,-100,-100,-100,-100,-100,-100,-100,-100,-100,-100,-100,-100,-100,-100,-100,-100,-100,-100,-100,-100,-100,-100,-100,-100,-100,-100,-100,-100,-100,-100,-98.75,-100,-100,-99.87,-99.65,-96.36,-95.77,-97.19,-99.28,-81.13,-81.62,-80.38,-92.84
state,District of Columbia,-5,55,8,0,8,15,11,8,8,1,3,2,5,0,-9,7,-5,-6,0,0,-10,-18,-22,-38,-44,-44,-55,-77,-100,-100,-100,-100,-100,-100,-100,-100,-100,-100,-100,-100,-100,-100,-100,-100,-100,-100,-100,-100,-100,-100,-100,-100,-100,-100,-100,-100,-100,-100,-100,-100,-100,-100,-100,-100,-100,-100,-100,-100,-100,-100,-100,-100,-100,-100,-100,-100,-100,-100,-100,-100,-100,-100,-100,-100,-100,-100,-99.98,-99.96,-97.25,-97.72,-97.93,-96.79,-97.75,-96.89,-98.5,-99.13
state,Florida,0,-3,-4,-5,2,2,2,5,3,4,2,0,-5,-10,-10,-8,-7,-5,-2,-5,-18,-18,-18,-23,-28,-31,-38,-47,-76,-84,-89.64,-97.11,-99.97,-99.99,-99.99,-100,-100,-100,-100,-100,-100,-100,-100,-100,-100,-100,-100,-100,-100,-100,-100,-100,-100,-100,-100,-100,-100,-100,-100,-100,-100,-100,-100,-100,-100,-100,-100,-99.99,-100,-100,-100,-100,-100,-100,-100,-100,-92.08,-92.75,-92.16,-91.3,-88.22,-89.26,-89.26,-87.16,-83.84,-83.05,-82.71,-81.29,-79.93,-80.44,-82.49,-77.09,-74.16,-71.62,-67.68,-66.35
state,Georgia,0,4,-6,-5,-2,-9,-9,2,-4,-4,2,-3,8,-12,-21,-17,-12,-3,-2,7,-4,-15,-17,-23,-34,-36,-47,-66,-88,-93,-95.43,-97.63,-98.89,-99.72,-99.82,-99.99,-100,-100,-100,-100,-100,-100,-100,-99.83,-100,-100,-100,-100,-100,-100,-100,-100,-100,-100,-100,-100,-100,-99.79,-99.8,-99.77,-100,-100,-100,-100,-100,-100,-100,-100,-100,-98.04,-97.91,-98.46,-97.85,-96.88,-96.87,-97.18,-96.34,-96.73,-96.32,-93.92,-93.74,-92.02,-91.61,-93.77,-92.28,-91.01,-89.5,-84.52,-83.71,-85.49,-89.02,-85.64,-85.73,-83.19,-76.91,-75.06
state,Hawaii,0,2,4,5,4,3,2,-1,9,6,4,-2,-2,-2,-5,-4,-5,-8,-6,-9,-8,-10,-11,-15,-14,-19,-26,-31,-47,-71,-82.86,-97.23,-98.74,-99.34,-99.8,-99.92,-100,-100,-100,-100,-100,-100,-100,-100,-100,-100,-100,-100,-100,-100,-100,-100,-100,-100,-100,-100,-100,-100,-100,-100,-100,-100,-100,-100,-100,-100,-100,-100,-100,-100,-100,-100,-100,-100,-100,-100,-100,-100,-100,-100,-100,-100,-100,-99.72,-99.99,-99.96,-99.91,-100,-99.99,-99.98,-99.88,-99.96,-100,-99.91,-99.96,-99.98
state,Illinois,-4,4,-2,-3,6,11,-5,-14,-14,-9,-6,0,2,-13,-12,-3,-5,-7,4,4,-21,-18,-22,-26,-35,-47,-51,-61,-100,-100,-99.99,-100,-100,-100,-99.99,-100,-100,-100,-100,-100,-100,-100,-100,-100,-100,-100,-100,-100,-100,-100,-100,-100,-100,-100,-100,-100,-100,-100,-100,-100,-100,-100,-100,-100,-100,-100,-100,-100,-100,-100,-100,-100,-100,-100,-100,-100,-100,-100,-100,-100,-100,-100,-100,-99.93,-99.96,-99.88,-99.98,-99.92,-99.95,-99.96,-100,-99.93,-99.96,-100,-99.97,-99.96
state,Indiana,21,13,-15,-8,3,13,6,3,-5,-8,-1,4,18,1,-3,3,5,1,4,4,-17,-11,-16,-29,-34,-48,-51,-67,-96,-97,-100,-100,-100,-100,-100,-100,-100,-100,-100,-100,-100,-100,-100,-100,-100,-100,-100,-100,-100,-100,-100,-100,-100,-100,-100,-100,-100,-100,-100,-100,-100,-100,-100,-100,-100,-100,-100,-100,-100,-100,-100,-100,-100,-100,-100,-100,-100,-100,-100,-100,-99.63,-100,-99.59,-83.82,-88.13,-85.29,-82.81,-79.85,-79.17,-83.65,-78.4,-76.13,-78.02,-74.39,-69.46,-73.17
state,Jalisco,8,9,0,5,-6,2,-9,-4,-13,-16,-15,-12,-6,-18,-15,-23,-13,-12,-2,-4,-23,-19,-2,-6,-17,-20,-38,-57,-73,-81,-71.24,-83.52,-91.88,-94.79,-95.17,-96.34,-97.65,-98.35,-96.33,-95.43,-98.93,-98.43,-97.07,-97.44,-98.81,-98.8,-98.46,-99.45,-96.44,-99.03,-99.34,-100,-99.78,-99.26,-99.45,-100,-99.22,-99.86,-99.6,-99.04,-99.12,-99.18,-100,-98.6,-99.12,-99.37,-99.26,-98.74,-99.7,-98.74,-98.85,-99.14,-98.06,-97.99,-99.09,-97.1,-95.82,-94.27,-98.36,-95.85,-98.38,-94.63,-86.29,-96.23,-95.64,-96.05,-90.91,-88.96,-92.02,-91.33,-87.56,-85.34,-85.07,-82.96,-80.15,-83.46
state,Kansas,39,2,-14,-11,-4,-6,-12,-3,5,-20,-14,2,69,-13,-14,-8,-10,-10,-8,-9,-21,-6,-9,-1,-35,-39,-55,-67,-79,-94,-99.11,-98.83,-99.32,-99.78,-99.33,-99.6,-100,-100,-100,-100,-100,-100,-100,-100,-100,-100,-100,-100,-100,-100,-100,-100,-100,-100,-100,-100,-100,-100,-100,-100,-100,-100,-100,-100,-100,-100,-100,-100,-100,-100,-100,-100,-100,-100,-100,-100,-97.79,-98.68,-97.86,-98.69,-96.23,-97.61,-98.53,-87.04,-89.7,-88.14,-85.75,-83.49,-81.47,-87.7,-81.79,-79.91,-79.42,-76.49,-69.17,-73.37
state,Kentucky,11,14,2,6,11,-2,2,-7,-14,-8,0,17,19,-5,0,-6,4,-3,1,3,-17,-21,-20,-26,-30,-46,-55,-74,-100,-100,-100,-100,-99.17,-97.97,-98.27,-97.77,-97.98,-98.2,-98.91,-97.93,-100,-99.34,-98.07,-100,-98.57,-96.86,-97.43,-97.8,-100,-98.85,-96.69,-100,-97.54,-97.16,-100,-100,-98.41,-96.79,-95.44,-97.52,-96.63,-97.31,-100,-96.98,-96.46,-97.37,-96.08,-96.99,-98.67,-100,-100,-100,-98.27,-97.21,-96.71,-100,-100,-97.66,-98.53,-96.4,-95.72,-96.67,-100,-100,-100,-98.57,-99.72,-100,-98.95,-98.13,-98.79,-99.93,-96.67,-95.3,-71.91,-73.85
state,Louisiana,-6,2,9,10,2,11,80,78,4,-15,-10,-1,-19,-42,-53,-25,6,5,5,-2,-8,-13,-16,-23,-28,-34,-50,-55,-100,-100,-99.98,-100,-99.99,-100,-100,-100,-100,-100,-100,-100,-100,-99.99,-100,-100,-100,-99.99,-100,-100,-100,-100,-100,-100,-100,-100,-100,-100,-100,-100,-100,-100,-100,-100,-100,-100,-99.99,-100,-100,-100,-100,-100,-100,-100,-100,-100,-99.98,-100,-100,-99.94,-100,-99.85,-99.92,-99.95,-100,-100,-99.93,-99.56,-99.89,-92.02,-86.08,-86.9,-87.33,-84.73,-81.15,-78.95,-78.51,-79.59
state,Maryland,6,70,4,1,8,8,8,-3,-8,-1,10,0,25,-5,-4,11,-5,2,-2,-1,-6,-18,-21,-33,-37,-59,-67,-71,-100,-100,-100,-100,-100,-100,-100,-100,-100,-100,-100,-100,-100,-100,-100,-100,-100,-100,-100,-100,-100,-100,-100,-100,-100,-100,-100,-100,-100,-100,-100,-100,-100,-100,-100,-100,-100,-100,-100,-100,-100,-100,-100,-100,-100,-100,-100,-100,-100,-100,-100,-100,-100,-100,-100,-100,-100,-100,-99.82,-99.94,-99.97,-100,-99.17,-99.52,-98.86,-98.31,-98.62,-99.19
state,Massachusetts,0,7,5,-7,-1,11,4,1,1,5,-2,26,-1,13,-4,-5,4,-6,-5,13,-13,-22,-25,-41,-52,-41,-53,-76,-100,-100,-100,-100,-100,-100,-100,-100,-100,-100,-100,-100,-100,-100,-100,-100,-100,-100,-100,-100,-100,-100,-100,-100,-100,-100,-100,-100,-100,-100,-100,-100,-100,-100,-100,-100,-100,-100,-100,-100,-100,-100,-100,-100,-100,-100,-100,-100,-100,-100,-100,-100,-100,-100,-100,-100,-99.96,-99.89,-99.88,-99.82,-99.85,-99.85,-99.78,-99.94,-99.93,-99.89,-99.85,-100
state,Mexico City,-8,-9,-1,-2,0,2,0,-2,-10,-8,-8,-9,-9,-9,-9,-4,-9,-8,-1,-10,-29,-17,-18,-16,-16,-20,-36,-46,-48,-67,-85.54,-88.69,-93.5,-96.55,-96.03,-95.59,-96.33,-97.12,-96.79,-97.08,-98.28,-97.15,-98.85,-99.64,-100,-99.99,-100,-100,-100,-100,-100,-100,-100,-100,-100,-100,-100,-100,-100,-100,-100,-100,-99.88,-100,-100,-100,-100,-100,-100,-100,-100,-100,-100,-100,-100,-100,-100,-100,-100,-100,-100,-100,-100,-99.88,-99.72,-99.93,-99.7,-99.97,-99.68,-99.97,-99.88,-100,-99.84,-99.71,-99.94,-99.91
state,Michigan,-12,0,-9,-12,0,18,1,-8,-27,-19,-12,-6,-4,4,-13,-1,-4,-9,6,1,-14,-10,-18,-21,-43,-49,-54,-78,-100,-100,-100,-100,-100,-100,-100,-100,-100,-100,-100,-100,-100,-100,-100,-100,-100,-100,-100,-100,-100,-100,-100,-100,-100,-100,-100,-100,-100,-100,-100,-100,-100,-100,-100,-100,-100,-100,-100,-100,-100,-100,-100,-100,-100,-100,-100,-100,-100,-100,-100,-100,-100,-100,-100,-100,-99.7,-100,-99.94,-99.99,-99.91,-99.94,-100,-100,-100,-100,-98.51,-98.44
state,Minnesota,-11,51,-15,-9,17,22,2,19,-1,7,33,1,-1,-9,-2,-3,-17,-12,59,13,-17,-12,-18,-24,-30,-43,-51,-72,-98,-100,-100,-100,-100,-100,-100,-100,-100,-100,-100,-100,-100,-100,-100,-100,-100,-100,-100,-100,-100,-100,-100,-100,-100,-100,-100,-100,-100,-100,-100,-100,-100,-100,-100,-100,-100,-100,-100,-100,-100,-100,-100,-100,-100,-100,-100,-100,-100,-100,-100,-100,-100,-100,-100,-99.56,-99.63,-100,-99.89,-100,-99.38,-99.4,-99.49,-99.58,-99.46,-99.68,-99.72,-99.75
state,Missouri,32,17,-1,3,1,-3,-7,-2,-11,-8,-13,2,72,8,0,-3,4,0,-5,-10,-13,-10,-12,-25,-29,-42,-45,-65,-88,-90,-97.25,-99.79,-99.98,-100,-100,-100,-100,-100,-100,-100,-100,-100,-100,-100,-100,-100,-100,-100,-100,-100,-100,-100,-100,-100,-100,-100,-100,-100,-100,-100,-100,-100,-100,-100,-100,-100,-100,-100,-100,-100,-100,-100,-100,-100,-99.81,-100,-99.05,-99.08,-98.66,-98.25,-97.36,-97.54,-97.83,-97.72,-97.59,-97.06,-97.19,-91.68,-89.11,-91.21,-86.32,-85.47,-84.5,-81.75,-75.59,-77.77
state,Nebraska,30,8,6,-1,163,60,4,3,-16,-6,-15,5,-2,16,-14,1,-1,-18,-10,-4,-34,-11,-16,-2,-31,-32,-44,-59,-95,-100,-99.47,-99.88,-99.89,-99.75,-99.79,-99.88,-100,-100,-100,-100,-100,-100,-100,-100,-100,-100,-100,-100,-100,-100,-100,-100,-100,-100,-100,-100,-100,-100,-100,-100,-100,-100,-100,-100,-100,-100,-100,-100,-100,-100,-100,-100,-100,-100,-100,-100,-85.69,-93.49,-92.93,-91.09,-88.93,-88.94,-90.35,-92.35,-88.56,-89.66,-86.59,-84.27,-82.66,-85.69,-86.24,-85.11,-85.96,-79.65,-76.1,-75.75
state,Nevada,-19,-18,-1,1,-4,8,1,-1,-14,-7,-6,-4,-15,-28,-27,-11,-10,-6,-6,-7,-11,-18,-12,-21,-31,-40,-37,-69,-94,-99,-100,-100,-100,-100,-100,-100,-100,-100,-100,-100,-100,-100,-100,-100,-100,-100,-100,-100,-100,-100,-100,-100,-100,-100,-100,-100,-100,-100,-100,-100,-100,-100,-100,-100,-100,-100,-100,-100,-100,-100,-100,-100,-100,-100,-100,-100,-100,-100,-100,-100,-100,-98.29,-97.5,-97.09,-96.66,-95.89,-95.03,-92.12,-90.13,-91.02,-93.14,-92.66,-88.74,-88.41,-88.28,-87.94
state,New Jersey,3,70,-4,-2,3,12,6,-7,-9,-8,1,3,10,-5,-12,-2,-4,-16,-6,10,12,-4,-14,-26,-40,-44,-56,-72,-100,-100,-100,-100,-100,-100,-100,-100,-100,-100,-100,-100,-100,-100,-100,-100,-100,-100,-100,-100,-100,-100,-100,-100,-100,-100,-100,-100,-100,-100,-100,-100,-100,-100,-100,-100,-100,-100,-100,-100,-100,-100,-100,-100,-100,-100,-100,-100,-100,-100,-100,-100,-100,-100,-100,-99.93,-99.82,-99.87,-99.88,-99.85,-99.77,-99.86,-99.15,-99.04,-98.89,-98.72,-99.11,-98.37
state,New Mexico,18,-3,5,8,-4,3,-3,-4,17,3,4,4,-2,-4,-7,-12,-19,-2,-10,-21,0,7,2,-10,-35,-40,-44,-47,-79,-89,-98.4,-100,-100,-100,-100,-100,-100,-100,-100,-100,-100,-100,-100,-100,-100,-100,-100,-100,-100,-100,-100,-100,-100,-100,-100,-100,-100,-100,-100,-100,-100,-100,-100,-100,-100,-100,-100,-100,-100,-100,-100,-100,-100,-100,-100,-100,-100,-100,-100,-100,-100,-100,-100,-99.31,-100,-100,-100,-100,-97.34,-99.36,-97.66,-99.39,-99.97,-98.84,-97.19,-99.26
state,New South Wales,4,-7,-1,5,8,-5,4,3,-1,-11,4,8,5,-31,-11,-16,-9,-2,5,0,-16,3,-9,-12,-6,-9,0,-32,-57,-62,-52.18,-59.41,-52.6,-63.28,-100,-100,-100,-100,-100,-100,-100,-100,-100,-100,-100,-100,-100,-100,-100,-100,-100,-100,-100,-100,-100,-100,-100,-100,-100,-100,-100,-100,-100,-100,-100,-100,-100,-100,-100,-100,-100,-100,-100,-100,-100,-100,-100,-100,-100,-100,-100,-100,-100,-98.17,-97.55,-97.99,-99.96,-94.97,-94.35,-93.3,-91.28,-91.73,-89.73,-88.34,-86.8,-87.4
state,New York,-1,11,1,-4,1,13,6,1,-1,-5,-2,-1,0,-7,-11,-9,-8,-14,-10,-2,-15,-27,-32,-49,-54,-36,-47,-58,-88,-100,-99.98,-99.96,-100,-100,-100,-100,-100,-100,-100,-100,-100,-100,-100,-100,-100,-100,-100,-100,-100,-100,-100,-100,-100,-100,-100,-100,-100,-100,-100,-100,-100,-100,-100,-100,-100,-100,-100,-100,-100,-100,-100,-100,-100,-100,-100,-100,-100,-100,-100,-100,-100,-100,-100,-99.98,-100,-100,-99.98,-99.97,-99.94,-99.95,-99.23,-99.36,-98.75,-99.11,-99.18,-98.64
state,North Carolina,4,1,-30,-1,4,2,-9,1,5,-1,3,-3,2,-7,-9,-4,-7,-1,-2,-7,-4,-9,-14,-22,-28,-56,-63,-75,-93,-92,-100,-100,-100,-100,-100,-100,-100,-100,-100,-100,-100,-100,-100,-100,-100,-100,-100,-100,-100,-100,-100,-100,-100,-100,-100,-100,-100,-100,-100,-100,-100,-100,-100,-100,-100,-100,-100,-100,-100,-100,-100,-100,-100,-100,-100,-100,-100,-100,-100,-100,-100,-100,-100,-99.91,-99.92,-99.98,-99.96,-99.97,-99.7,-99.88,-100,-100,-99.88,-99.87,-90.52,-84.16
state,Nuevo Leon,-12,-12,-10,4,9,10,0,-12,-10,1,-3,15,7,14,8,3,0,-2,14,-4,-16,-4,-15,-20,-26,-34,-57,-64,-86,-94,-96.82,-97.88,-98.68,-99.28,-98.16,-99.08,-98.98,-98.8,-99.61,-99.23,-100,-100,-98.98,-100,-99.49,-99.64,-99.59,-100,-99.19,-99.53,-99.68,-100,-99.67,-99.71,-100,-99.17,-100,-99.57,-99.52,-99.19,-99.51,-100,-100,-99.38,-100,-99.68,-99.64,-99.68,-100,-100,-100,-100,-100,-100,-100,-100,-100,-100,-100,-100,-100,-99.91,-99.43,-100,-100,-99.75,-99.36,-99.94,-98.97,-99.98,-100,-99.86,-100,-99.54,-99.68,-99.51
state,Ohio,-8,1,-5,-7,-7,0,-8,-6,-22,-13,-15,-12,6,-7,-10,-6,-8,-13,-6,-6,-19,-19,-19,-29,-37,-51,-51,-100,-100,-100,-99.97,-100,-100,-100,-100,-100,-100,-100,-100,-100,-100,-100,-100,-100,-100,-100,-100,-100,-100,-100,-100,-100,-100,-100,-100,-100,-100,-100,-100,-100,-100,-100,-100,-100,-100,-99.99,-100,-100,-100,-100,-100,-100,-100,-100,-100,-100,-100,-100,-100,-100,-100,-100,-100,-99.84,-99.94,-99.96,-99.85,-97.17,-94.94,-96.96,-98.73,-97.67,-96.99,-77.28,-71.67,-69.68
state,Oklahoma,51,13,-4,4,-2,-8,-5,3,40,1,2,8,40,-12,5,0,3,2,0,-10,0,-4,-7,1,-20,-29,-31,-53,-83,-70,-99.28,-99.29,-99.31,-100,-100,-99.9,-100,-100,-100,-100,-100,-100,-100,-100,-100,-100,-100,-100,-100,-100,-100,-100,-100,-100,-100,-100,-100,-100,-100,-100,-100,-100,-100,-100,-100,-100,-100,-100,-100,-100,-100,-100,-100,-90.79,-91.22,-91.09,-92.85,-92.77,-88.32,-86.79,-82.86,-82.54,-81.86,-85.04,-85.29,-79.15,-76.42,-72.86,-64.99,-73.4,-29.18,-75.65,-60.62,-70.08,-58.82,-65.18
state,Ontario,-16,-4,-6,-7,-5,14,-2,-6,5,-21,-15,-8,-9,-9,-6,-1,-2,-14,-7,0,-20,-23,-25,-35,-45,-48,-53,-66,-100,-100,-100,-100,-100,-100,-100,-100,-100,-100,-100,-100,-100,-100,-100,-100,-100,-100,-100,-100,-100,-100,-100,-100,-100,-100,-100,-100,-100,-100,-100,-100,-100,-100,-100,-100,-100,-100,-100,-100,-100,-100,-100,-100,-100,-100,-100,-100,-100,-100,-100,-100,-100,-100,-100,-99.99,-100,-99.98,-99.88,-99.94,-99.29,-99.3,-99.58,-98.82,-98.41,-99.19,-99.49,-99.27
state,Oregon,4,-1,4,9,7,20,12,-1,15,3,-3,3,6,8,-8,-3,-3,-4,-7,0,-15,-13,-22,-33,-40,-47,-55,-61,-99,-100,-100,-100,-100,-100,-100,-100,-100,-100,-100,-100,-100,-100,-100,-100,-100,-100,-100,-100,-100,-100,-100,-100,-100,-100,-100,-100,-100,-100,-100,-100,-100,-100,-100,-100,-100,-100,-100,-100,-100,-100,-100,-100,-100,-100,-100,-100,-100,-100,-100,-100,-100,-100,-100,-99.93,-100,-99.69,-100,-98.62,-98.11,-97.71,-98.47,-97.9,-96.72,-95.9,-92.16,-92.43
state,Pennsylvania,3,63,0,-3,1,3,0,-5,-3,-3,1,1,30,3,-6,0,2,-9,-3,2,-7,-18,-17,-35,-44,-51,-56,-68,-100,-100,-100,-100,-100,-100,-100,-100,-100,-100,-100,-100,-100,-100,-100,-100,-100,-100,-100,-100,-100,-100,-100,-100,-100,-100,-100,-100,-100,-100,-100,-100,-100,-100,-100,-100,-100,-100,-100,-100,-100,-100,-100,-100,-100,-100,-100,-100,-100,-100,-100,-100,-100,-100,-100,-99.99,-100,-100,-99.9,-99.72,-99.59,-99.84,-99.86,-99.99,-99.98,-99.95,-99.79,-99.73
state,Quebec,6,9,-4,-5,5,29,14,20,-1,-11,-10,1,1,-26,-16,5,-3,-8,6,34,-4,-12,-20,-26,-48,-44,-46,-67,-94,-97,-98.9,-99.43,-99.64,-99.64,-100,-100,-100,-100,-100,-100,-100,-100,-100,-100,-100,-100,-100,-100,-100,-100,-100,-100,-100,-100,-100,-100,-100,-100,-100,-100,-100,-100,-100,-100,-100,-100,-100,-100,-100,-100,-100,-100,-100,-100,-100,-100,-100,-100,-100,-100,-100,-100,-100,-100,-100,-100,-99.89,-100,-100,-100,-100,-100,-100,-100,-100,-100
state,Queensland,5,2,0,4,2,4,9,7,3,7,6,-8,10,-1,-1,-2,-5,-3,-7,-3,-6,0,-3,-18,9,-4,4,-18,-22,-32,-38.7,-36.37,-43.83,-55.44,-100,-100,-100,-100,-100,-100,-100,-100,-100,-100,-100,-100,-100,-100,-100,-100,-100,-100,-100,-100,-100,-100,-100,-100,-100,-100,-100,-100,-100,-100,-100,-100,-100,-100,-100,-100,-100,-100,-100,-100,-100,-100,-100,-100,-100,-100,-100,-100,-100,-96.99,-99.24,-97.33,-97.66,-98.62,-89.26,-87.81,-91.44,-88.19,-85.77,-85.41,-85.19,-86.25
state,Quintana Roo,2,0,-6,-7,2,-1,-2,2,-5,3,-3,6,-8,-14,-16,-17,2,-4,-8,-5,-11,-25,-17,-16,-14,-19,-22,-31,-45,-59,-57,-71.19,-80.18,-90.71,-89.89,-93.51,-95.85,-97.74,-97.23,-97.24,-98.49,-99.37,-99.48,-98.74,-99.17,-99.1,-99.35,-99.74,-98.24,-98.81,-99.39,-100,-99.43,-99.31,-99.19,-99.72,-99.73,-99.88,-99.97,-99.85,-99.83,-99.95,-99.89,-100,-100,-99.88,-100,-100,-100,-100,-100,-100,-100,-100,-100,-100,-100,-100,-100,-100,-100,-100,-100,-100,-99.95,-100,-100,-100,-99.61,-100,-99.97,-99.94,-99.86,-99.9,-100,-100
state,Rhode Island,8,0,7,-15,-6,24,14,-13,-13,-9,-2,21,-11,18,-1,7,-12,-2,-7,26,17,-16,-15,-31,-41,-48,-50,-53,-100,-100,-100,-100,-100,-100,-100,-100,-100,-100,-100,-100,-100,-100,-100,-100,-100,-100,-100,-100,-100,-100,-100,-100,-100,-100,-100,-100,-100,-100,-100,-100,-100,-100,-100,-100,-100,-100,-100,-100,-100,-100,-100,-100,-100,-100,-100,-100,-100,-100,-100,-100,-100,-100,-100,-100,-100,-100,-100,-100,-97.85,-95.15,-85.3,-85.55,-73.78,-59.18,-63.04,-88.24
state,South Carolina,8,-2,-11,0,10,4,3,2,6,8,11,5,8,1,-8,-7,-7,3,3,-5,-7,-14,-7,-16,-19,-21,-31,-48,-70,-100,-100,-100,-100,-100,-100,-100,-100,-100,-100,-100,-100,-100,-100,-100,-100,-100,-100,-100,-100,-100,-100,-100,-100,-100,-100,-100,-100,-100,-100,-100,-100,-100,-100,-100,-100,-100,-100,-100,-100,-100,-100,-100,-100,-100,-100,-100,-94.44,-95.29,-94.25,-94.35,-94.39,-90.57,-88.99,-85.71,-83.57,-77.64,-76.35,-69.32,-66.81,-67.61,-72.77,-71.85,-68.64,-62.95,-57.91,-57.78
state,Tennessee,1,8,-9,3,7,-14,-9,-7,-11,-1,0,-2,-6,-6,-16,-1,-4,-1,2,-7,-17,-16,-22,-28,-34,-41,-46,-60,-86,-92,-93.83,-98.04,-99.31,-99.61,-100,-100,-100,-100,-100,-100,-100,-100,-100,-100,-100,-100,-100,-100,-100,-100,-100,-100,-100,-100,-100,-100,-100,-100,-100,-100,-100,-100,-100,-100,-100,-100,-100,-100,-100,-96.91,-97.63,-97.11,-97.54,-95.2,-96.04,-96.05,-92.67,-93.44,-91.92,-91.7,-90.2,-88.42,-87,-85.56,-87.49,-84.79,-84.19,-79.36,-78.09,-82.38,-79.54,-78.24,-76.61,-75.02,-71.49,-73.34
state,Texas,0,-6,0,2,1,-3,0,9,0,0,4,6,7,-2,-9,-8,1,2,-3,-5,-21,-14,-14,-25,-35,-34,-42,-58,-90,-95,-99.03,-99.33,-100,-100,-100,-100,-99.9,-100,-100,-100,-100,-100,-100,-99.96,-99.97,-100,-100,-100,-100,-99.95,-100,-100,-99.89,-99.96,-100,-99.95,-100,-100,-100,-99.95,-100,-100,-100,-100,-100,-100,-100,-99.96,-100,-99.92,-99.89,-99.99,-99.65,-85.47,-87.47,-89.14,-89.81,-86.09,-87.8,-87.43,-82.47,-82.68,-83.05,-83.04,-84.01,-82.79,-80.88,-77.11,-74.98,-75.03,-79.08,-76.76,-73.17,-69.25,-64.16,-63.16
state,Utah,0,3,2,4,5,4,4,13,15,1,1,-1,-12,-13,-6,-5,-3,8,0,-13,-18,-19,-11,-19,-28,-34,-53,-69,-69,-82,-100,-100,-100,-100,-100,-100,-100,-100,-100,-100,-100,-100,-100,-100,-100,-100,-100,-100,-100,-100,-100,-100,-100,-100,-100,-100,-100,-100,-100,-100,-100,-100,-100,-100,-100,-100,-100,-100,-100,-100,-100,-100,-100,-98.44,-97.8,-98.16,-95.86,-94.04,-95.33,-93.92,-91.13,-91.58,-91.3,-90.21,-87.84,-88.09,-88.24,-82.56,-81.83,-83.25,-83.9,-82.81,-82.53,-80.2,-75.84,-75.9
state,Victoria,-10,-7,-5,-7,-5,-2,-7,-6,-8,-12,-7,-4,-1,-13,-4,-17,-12,-13,-10,-8,-11,-9,-14,-8,-18,-19,-28,-35,-43,-51,-63.64,-57.8,-62.69,-72.09,-99.48,-100,-100,-100,-100,-100,-100,-100,-100,-100,-100,-100,-100,-100,-100,-100,-100,-100,-100,-100,-100,-100,-100,-100,-100,-100,-100,-100,-100,-100,-100,-100,-100,-100,-100,-100,-100,-100,-100,-100,-100,-100,-100,-100,-100,-100,-100,-100,-100,-99.29,-99.9,-99.3,-98.9,-98.7,-98.08,-99.33,-99.18,-99.12,-100,-99.59,-99.22,-99.24
state,Virginia,6,58,-1,-3,6,7,2,2,-5,-3,8,-3,14,-4,-1,-1,-2,5,2,3,-4,-13,-23,-34,-34,-39,-50,-65,-90,-97,-98.39,-99.16,-99.25,-99.63,-99.73,-99.76,-99.79,-99.78,-99.87,-99.91,-99.88,-100,-100,-100,-99.75,-99.86,-99.88,-100,-100,-100,-100,-100,-99.89,-99.91,-99.78,-99.76,-99.8,-99.84,-99.79,-99.84,-99.9,-99.9,-99.73,-99.78,-99.87,-99.79,-99.84,-99.89,-99.83,-99.67,-99.8,-99.77,-99.7,-99.86,-99.88,-99.82,-100,-99.76,-99.8,-99.78,-99.88,-99.91,-99.88,-99.7,-99.58,-99.84,-99.72,-96.59,-96.62,-96.27,-99.15,-98.95,-98.96,-98.31,-96.04,-94.82
state,Washington,9,8,6,3,2,10,-1,-2,5,0,1,-4,-12,-25,-21,-17,-22,-24,-27,-22,-30,-38,-41,-45,-53,-54,-57,-70,-100,-100,-100,-100,-100,-100,-100,-100,-100,-100,-100,-100,-100,-100,-100,-100,-100,-100,-100,-100,-100,-100,-100,-100,-100,-100,-100,-100,-100,-100,-100,-100,-100,-100,-100,-100,-100,-100,-100,-100,-100,-100,-100,-100,-100,-100,-100,-100,-100,-100,-100,-100,-100,-100,-100,-99.98,-99.82,-99.87,-99.64,-99.72,-99.23,-99.09,-99.72,-99.14,-99.22,-99.02,-99.28,-98.81
state,Wisconsin,3,21,-1,-3,14,25,0,9,-4,-1,9,3,5,8,9,12,-7,-7,-6,15,-10,1,0,-14,-26,-39,-47,-67,-96,-100,-100,-100,-100,-100,-100,-100,-100,-100,-100,-100,-100,-100,-100,-100,-100,-100,-100,-100,-100,-100,-99.81,-100,-100,-100,-100,-100,-100,-100,-100,-100,-100,-100,-100,-100,-100,-100,-100,-100,-100,-100,-100,-100,-100,-100,-100,-100,-100,-100,-100,-100,-100,-100,-100,-100,-100,-100,-100,-99.37,-97.33,-98.49,-98.71,-97.43,-94.96,-90.43,-88.7,-87.62
city,Atlanta,6,9,-5,-5,-3,-7,-6,1,-3,-4,7,1,8,-17,-21,-11,-9,-2,1,13,1,-14,-14,-26,-35,-34,-44,-78,-93,-96,-96.8,-99.35,-100,-100,-100,-100,-100,-100,-100,-100,-100,-100,-100,-99.67,-100,-100,-100,-100,-100,-100,-100,-100,-100,-100,-100,-100,-100,-99.6,-99.61,-99.53,-100,-100,-100,-100,-100,-100,-100,-100,-100,-98.87,-98.14,-98.96,-98.47,-97.25,-97.59,-98.12,-96.83,-96.25,-96.65,-94.27,-94.43,-92.96,-94.09,-95.34,-93.06,-92.23,-90.65,-86.55,-86.71,-87.78,-90.59,-87.56,-86.96,-84.74,-79.66,-79.27
city,Austin,0,-6,2,3,2,5,3,5,-3,0,8,9,2,0,-8,-11,-6,0,-13,-23,-41,-31,-30,-27,-35,-36,-54,-71,-99,-100,-100,-100,-100,-100,-100,-100,-99.28,-100,-100,-100,-100,-100,-100,-100,-100,-100,-100,-100,-100,-100,-100,-100,-99.26,-100,-100,-100,-100,-100,-100,-100,-100,-100,-100,-100,-100,-100,-100,-100,-100,-100,-100,-100,-100,-94.49,-95.85,-97.51,-97.01,-94.69,-95.88,-95.41,-93.13,-92.4,-93.46,-93.61,-94.7,-91.2,-90.93,-86.97,-86.54,-88.86,-90.78,-86.29,-83.7,-82.27,-79.26,-76.37
city,Baltimore,10,42,12,-9,12,16,20,9,-4,-1,14,4,16,-19,-5,23,8,8,14,-4,-17,-34,-22,-30,-30,-39,-48,-75,-100,-100,-100,-100,-100,-100,-100,-100,-100,-100,-100,-100,-100,-100,-100,-100,-100,-100,-100,-100,-100,-100,-100,-100,-100,-100,-100,-100,-100,-100,-100,-100,-100,-100,-100,-100,-100,-100,-100,-100,-100,-100,-100,-100,-100,-100,-100,-100,-100,-100,-100,-100,-100,-100,-100,-100,-100,-100,-99.69,-99.95,-99.85,-100,-98.76,-99.82,-98.97,-97.56,-99.33,-99.73
city,Boston,5,15,-3,-12,-2,14,5,3,1,12,1,22,1,1,-10,-4,11,7,-1,10,-14,-29,-30,-47,-56,-64,-70,-81,-100,-100,-100,-100,-100,-100,-100,-100,-100,-100,-100,-100,-100,-100,-100,-100,-100,-100,-100,-100,-100,-100,-100,-100,-100,-100,-100,-100,-100,-100,-100,-100,-100,-100,-100,-100,-100,-100,-100,-100,-100,-100,-100,-100,-100,-100,-100,-100,-100,-100,-100,-100,-100,-100,-100,-100,-99.97,-99.78,-99.96,-99.65,-99.75,-99.76,-99.82,-100,-99.9,-100,-99.99,-100
city,Calgary,0,4,5,0,11,6,-4,1,-3,-4,3,4,-9,-11,-9,-4,-2,2,-10,-4,-11,-8,-7,-27,-48,-51,-54,-73,-96,-99,-99.28,-99.39,-99.7,-100,-100,-99.91,-99.97,-100,-99.96,-100,-100,-100,-100,-100,-100,-100,-100,-100,-100,-100,-100,-100,-100,-100,-100,-100,-100,-100,-100,-100,-100,-100,-100,-100,-100,-100,-100,-100,-100,-100,-100,-100,-100,-100,-100,-100,-100,-100,-100,-100,-100,-100,-100,-100,-100,-99.95,-99.85,-99.96,-99.94,-100,-100,-100,-100,-99.85,-100,-100
city,Charlotte,1,-3,-27,-1,0,-11,-6,5,-3,4,13,0,6,-2,-8,-1,-7,4,-5,-10,-8,-12,-18,-30,-35,-34,-36,-68,-97,-100,-100,-100,-100,-100,-100,-100,-100,-100,-100,-100,-100,-100,-100,-100,-100,-100,-100,-100,-100,-100,-100,-100,-100,-100,-100,-100,-100,-100,-100,-100,-100,-100,-100,-100,-100,-100,-100,-100,-100,-100,-100,-100,-100,-100,-100,-100,-100,-100,-100,-100,-100,-100,-100,-99.91,-99.89,-100,-100,-100,-99.99,-100,-100,-100,-99.91,-99.89,-87.35,-77.9
city,Chicago,-7,-3,-5,-4,7,11,-6,-16,-15,-8,-8,-3,1,-21,-16,-10,-11,-8,4,13,-25,-23,-27,-31,-37,-49,-53,-75,-100,-100,-99.98,-100,-99.99,-100,-99.98,-100,-100,-100,-100,-100,-100,-100,-100,-100,-100,-100,-100,-100,-100,-100,-100,-100,-100,-100,-100,-100,-100,-100,-100,-100,-100,-100,-100,-100,-100,-100,-100,-100,-100,-100,-100,-100,-100,-100,-100,-100,-100,-100,-100,-100,-100,-100,-100,-99.88,-99.92,-99.88,-99.96,-99.87,-99.98,-100,-100,-99.97,-100,-100,-99.94,-99.99
city,Cincinnati,7,1,-6,-6,-8,-12,-8,-7,-33,-15,-16,-11,4,-5,-16,-9,-6,-21,-14,-23,-18,-13,-20,-19,-37,-52,-53,-100,-100,-100,-100,-100,-100,-100,-100,-100,-100,-100,-100,-100,-100,-100,-100,-100,-100,-100,-100,-100,-100,-100,-100,-100,-100,-100,-100,-100,-100,-100,-100,-100,-100,-100,-100,-100,-100,-100,-100,-100,-100,-100,-100,-100,-100,-100,-100,-100,-100,-100,-100,-100,-100,-100,-100,-99.65,-100,-99.98,-99.98,-96.86,-96.17,-95.64,-99.16,-98.65,-97.62,-77.95,-65.26,-60.48
city,Ciudad de México,-8,-9,-2,-3,0,2,0,-2,-10,-9,-8,-8,-8,-8,-8,-4,-9,-8,-1,-9,-29,-16,-18,-16,-16,-20,-38,-58,-73,-81,-85.6,-88.83,-93.64,-96.54,-96.01,-95.58,-96.32,-97.11,-96.79,-97.1,-98.27,-97.15,-98.84,-99.63,-100,-99.99,-100,-100,-100,-100,-100,-100,-100,-100,-100,-100,-100,-100,-100,-100,-100,-100,-99.88,-100,-100,-100,-100,-100,-100,-100,-100,-100,-100,-100,-100,-100,-100,-100,-100,-100,-100,-100,-100,-99.88,-99.72,-99.93,-99.7,-99.97,-99.68,-99.97,-99.88,-100,-99.84,-99.71,-99.94,-99.91
city,Columbus,-10,0,-3,-6,-8,7,0,-17,-14,-15,-15,-15,22,-14,-9,-11,-10,-9,-5,3,-26,-19,-19,-37,-38,-53,-49,-100,-100,-100,-100,-100,-100,-100,-100,-100,-100,-100,-100,-100,-100,-100,-100,-100,-100,-100,-100,-100,-100,-100,-100,-100,-100,-100,-100,-100,-100,-100,-100,-100,-100,-100,-100,-100,-100,-100,-100,-100,-100,-100,-100,-100,-100,-100,-100,-100,-100,-100,-100,-100,-100,-100,-100,-99.87,-100,-100,-100,-97.64,-97.41,-97.02,-99.23,-99.46,-98.38,-79.45,-73.5,-74.83
city,Dallas,6,-4,1,3,-3,-2,-2,14,1,-7,6,10,11,1,-6,-8,0,3,-1,-2,-15,-10,-12,-25,-35,-35,-42,-61,-100,-100,-99.93,-99.93,-100,-100,-100,-100,-100,-100,-100,-100,-100,-100,-100,-100,-100,-100,-100,-100,-100,-100,-100,-100,-100,-99.78,-100,-99.76,-100,-100,-100,-99.69,-100,-100,-100,-100,-100,-100,-100,-100,-100,-100,-100,-100,-100,-90.89,-90.95,-94.05,-92.58,-89.19,-91.56,-91.72,-86.57,-87.07,-89.46,-89.86,-89.23,-87.93,-86.73,-82.78,-82.91,-85.41,-86.56,-85.58,-81.03,-75.75,-67.9,-67.51
city,Denver,-1,-12,-9,14,2,-3,-10,-12,-2,-2,1,27,38,3,-9,-3,-10,-9,-6,2,-20,-19,-4,-17,-46,-46,-50,-56,-100,-100,-100,-100,-100,-100,-100,-100,-100,-100,-100,-100,-100,-100,-100,-100,-100,-100,-100,-100,-100,-100,-100,-100,-100,-99.93,-100,-100,-100,-100,-100,-100,-100,-100,-100,-100,-100,-100,-100,-100,-100,-100,-100,-100,-100,-99.73,-100,-100,-100,-99.86,-100,-100,-100,-100,-100,-99.93,-100,-100,-99.82,-99.78,-99.85,-99.81,-99.89,-100,-100,-100,-99.75,-100
city,Dublin,-5,-1,7,0,-3,-6,-12,-11,0,-4,-9,-6,4,-3,-9,-2,-11,-10,-4,-7,-11,-29,-30,-46,-46,-54,-70,-71,-87,-100,-100,-100,-100,-100,-100,-100,-100,-100,-100,-100,-100,-100,-100,-100,-100,-100,-100,-100,-100,-100,-100,-100,-100,-100,-100,-100,-100,-100,-100,-100,-100,-100,-100,-100,-100,-100,-100,-100,-100,-100,-100,-100,-100,-100,-100,-100,-100,-100,-100,-100,-100,-100,-100,-100,-100,-100,-100,-100,-100,-100,-100,-100,-100,-100,-100,-100
city,Edmonton,8,17,3,4,2,10,0,9,1,-4,11,8,9,-5,11,6,-14,5,-14,4,-19,-14,-10,-23,-33,-40,-46,-64,-92,-97,-98.85,-99.09,-99.64,-99.77,-99.46,-100,-100,-99.7,-99.94,-100,-100,-100,-100,-100,-100,-100,-100,-100,-100,-100,-100,-100,-100,-100,-100,-100,-100,-100,-100,-100,-100,-100,-100,-100,-100,-100,-100,-100,-100,-100,-100,-100,-100,-100,-100,-100,-100,-100,-100,-100,-100,-100,-100,-100,-100,-100,-90.42,-85.12,-85.73,-80.24,-75.39,-74.76,-74.95,-76.92,-78.12,-76.17
city,Fort Lauderdale,-8,-4,-6,-14,-8,-8,-5,10,6,-11,-7,-18,-17,-12,-15,-8,-11,-13,-3,-14,-15,-19,-15,-25,-28,-30,-44,-46,-88,-100,-100,-100,-100,-100,-100,-100,-100,-100,-100,-100,-100,-100,-100,-100,-100,-100,-100,-100,-100,-100,-100,-100,-100,-100,-100,-100,-100,-100,-100,-100,-100,-100,-100,-100,-100,-100,-100,-100,-100,-100,-100,-100,-100,-100,-100,-100,-100,-100,-100,-100,-100,-100,-100,-100,-100,-100,-100,-100,-100,-100,-85.1,-85.01,-80.99,-75.87,-63.62,-65.11
city,Hamburg,13,12,4,12,6,9,11,14,13,1,12,0,-3,-5,1,-5,-8,-3,4,0,-13,-16,-5,-24,-28,-40,-55,-76,-95,-100,-100,-100,-100,-100,-100,-100,-100,-100,-100,-100,-100,-100,-100,-100,-100,-100,-100,-100,-100,-100,-100,-100,-100,-100,-100,-100,-100,-100,-100,-100,-100,-100,-100,-100,-100,-100,-100,-100,-100,-100,-100,-100,-100,-100,-100,-100,-100,-100,-100,-100,-100,-100,-100,-100,-100,-100,-100,-100,-100,-100,-100,-100,-100,-100,-100,-100
city,Honolulu,-3,1,3,9,9,-1,5,0,7,0,0,-6,-9,-6,-9,-11,-13,-12,-9,-18,-15,-16,-17,-20,-18,-22,-32,-40,-55,-75,-83.12,-99.46,-100,-100,-100,-100,-100,-100,-100,-100,-100,-100,-100,-100,-100,-100,-100,-100,-100,-100,-100,-100,-100,-100,-100,-100,-100,-100,-100,-100,-100,-100,-100,-100,-100,-100,-100,-100,-100,-100,-100,-100,-100,-100,-100,-100,-100,-100,-100,-100,-100,-100,-100,-100,-99.98,-100,-100,-100,-99.97,-99.99,-99.94,-99.93,-100,-100,-100,-100
city,Houston,-2,-8,-3,3,1,-10,4,7,9,1,-6,-6,2,2,-8,-8,7,6,10,7,-14,-17,-8,-24,-33,-34,-40,-61,-100,-100,-100,-99.91,-100,-100,-100,-100,-100,-100,-100,-100,-100,-100,-100,-99.84,-99.85,-100,-100,-100,-100,-99.77,-100,-100,-100,-100,-100,-100,-100,-100,-100,-100,-100,-100,-100,-100,-100,-100,-100,-99.79,-100,-99.58,-99.51,-100,-99.39,-85.05,-87.15,-89.55,-92.02,-89.24,-91.15,-86.87,-81.04,-82.24,-82.66,-81.4,-81.32,-81.5,-80.17,-76.1,-70.54,-71.15,-79.85,-78.5,-74.31,-71.64,-64.38,-64.28
city,Indianapolis,52,14,-28,-15,4,17,10,16,-4,-3,-8,3,15,-5,-7,3,2,0,1,-1,-29,-20,-25,-35,-47,-58,-49,-71,-100,-100,-100,-100,-100,-100,-100,-100,-100,-100,-100,-100,-100,-100,-100,-100,-100,-100,-100,-100,-100,-100,-100,-100,-100,-100,-100,-100,-100,-100,-100,-100,-100,-100,-100,-100,-100,-100,-100,-100,-100,-100,-100,-100,-100,-100,-100,-100,-100,-100,-100,-100,-99.13,-100,-99.03,-99.39,-99.55,-99.57,-99.69,-98.79,-99.07,-99.16,-99.02,-98.55,-99,-99.15,-91.02,-91.31
city,Las Vegas,-22,-19,-6,0,-4,7,-2,-3,-17,-9,-10,-6,-17,-28,-31,-13,-9,-8,-7,-8,-11,-19,-13,-20,-32,-36,-48,-58,-88,-100,-100,-100,-100,-100,-100,-100,-100,-100,-100,-100,-100,-100,-100,-100,-100,-100,-100,-100,-100,-100,-100,-100,-100,-100,-100,-100,-100,-100,-100,-100,-100,-100,-100,-100,-100,-100,-100,-100,-100,-100,-100,-100,-100,-100,-100,-100,-100,-100,-100,-100,-100,-98.17,-97.21,-97.56,-97.22,-96.4,-95.67,-92.95,-91.37,-92.01,-94.3,-93.82,-89.89,-90.18,-89.93,-89.2
city,London,4,1,2,3,-1,-4,-3,-3,-1,-4,-1,-4,-2,-10,-10,-10,-13,-7,-7,-7,-22,-23,-19,-29,-36,-31,-43,-61,-89,-100,-100,-100,-100,-100,-100,-100,-100,-100,-100,-100,-100,-100,-100,-100,-100,-100,-100,-100,-100,-100,-100,-100,-100,-100,-100,-100,-100,-100,-100,-100,-100,-100,-100,-100,-100,-100,-100,-100,-100,-100,-100,-100,-100,-100,-100,-100,-100,-100,-100,-100,-100,-100,-100,-100,-100,-100,-100,-100,-100,-100,-100,-100,-100,-100,-100,-100
city,Los Angeles,7,6,9,1,8,29,12,15,5,0,8,13,-3,-1,4,7,-5,1,-2,-15,-27,-23,-26,-38,-48,-47,-57,-82,-100,-100,-100,-100,-100,-100,-100,-100,-100,-100,-100,-100,-100,-100,-100,-100,-100,-100,-100,-100,-100,-100,-100,-100,-100,-100,-100,-100,-100,-100,-100,-100,-100,-100,-100,-100,-100,-100,-100,-100,-100,-100,-100,-100,-100,-100,-100,-100,-100,-100,-100,-100,-100,-100,-100,-100,-100,-99.82,-100,-99.78,-99.79,-100,-100,-100,-100,-99.9,-100,-99.93
city,Louisville,28,11,7,0,6,-11,-5,-5,-11,-9,-13,2,13,-6,-13,-15,-7,-7,-5,3,-22,-21,-24,-30,-33,-52,-57,-75,-100,-100,-100,-100,-100,-100,-100,-100,-100,-100,-100,-100,-100,-100,-100,-100,-100,-100,-100,-100,-100,-100,-100,-100,-100,-100,-100,-100,-100,-100,-100,-100,-100,-100,-100,-100,-100,-100,-100,-100,-100,-100,-100,-100,-100,-100,-100,-100,-100,-100,-100,-100,-100,-100,-100,-100,-100,-100,-100,-100,-99.37,-99.06,-100,-100,-100,-99.73,-78.09,-82.3
city,Miami,0,-8,-5,1,5,-7,17,1,-9,0,0,4,-18,-13,-15,-6,-2,-11,-2,10,-9,-15,-18,-22,-27,-30,-36,-46,-78,-100,-100,-100,-100,-100,-100,-100,-100,-100,-100,-100,-100,-100,-100,-100,-100,-100,-100,-100,-100,-100,-100,-100,-100,-100,-100,-100,-100,-100,-100,-100,-100,-100,-100,-100,-100,-100,-100,-100,-100,-100,-100,-100,-100,-100,-100,-100,-100,-100,-100,-100,-100,-100,-100,-100,-100,-100,-100,-100,-99.9,-99.88,-99.42,-96.77,-94.33,-95.41,-93.94,-94.69
city,Miami Beach,19,-2,6,7,10,9,16,26,3,3,0,5,5,-8,-8,-15,-16,-8,-3,-10,-11,-17,-20,-22,-21,-24,-23,-43,-71,-100,-100,-100,-99.93,-100,-100,-100,-100,-100,-100,-100,-100,-100,-100,-100,-100,-100,-100,-100,-100,-100,-100,-100,-100,-100,-100,-100,-100,-100,-100,-100,-100,-100,-100,-100,-100,-100,-100,-99.84,-100,-100,-100,-100,-100,-100,-100,-100,-100,-100,-100,-100,-100,-100,-100,-100,-100,-100,-99.79,-99.92,-100,-100,-100,-99.66,-99.76,-100,-99.87,-99.74
city,Minneapolis,-14,27,-33,-15,12,33,18,27,12,29,39,11,14,-19,-3,6,-13,-6,61,23,-19,-14,-17,-28,-22,-35,-33,-76,-100,-100,-100,-100,-100,-100,-100,-100,-100,-100,-100,-100,-100,-100,-100,-100,-100,-100,-100,-100,-100,-100,-100,-100,-100,-100,-100,-100,-100,-100,-100,-100,-100,-100,-100,-100,-100,-100,-100,-100,-100,-100,-100,-100,-100,-100,-100,-100,-100,-100,-100,-100,-100,-100,-100,-100,-100,-100,-99.62,-100,-99.22,-98.92,-99.32,-99.5,-99.3,-99.58,-99.79,-99.85
city,Montréal,16,14,-5,-1,14,42,13,21,4,1,-7,13,15,-32,-21,7,0,7,14,38,-14,-22,-26,-24,-48,-43,-42,-66,-94,-97,-98.56,-99.24,-99.38,-99.32,-100,-100,-100,-100,-100,-100,-100,-100,-100,-100,-100,-100,-100,-100,-100,-100,-100,-100,-100,-100,-100,-100,-100,-100,-100,-100,-100,-100,-100,-100,-100,-100,-100,-100,-100,-100,-100,-100,-100,-100,-100,-100,-100,-100,-100,-100,-100,-100,-100,-100,-100,-100,-100,-100,-100,-100,-100,-100,-100,-100,-100,-100
city,München,8,14,4,10,-1,-6,-4,8,-4,-3,4,6,19,9,-2,8,5,-6,13,-9,-15,-19,-21,-17,-28,-44,-53,-66,-92,-99,-99.37,-99.78,-100,-100,-100,-100,-100,-100,-100,-100,-100,-100,-100,-100,-100,-100,-100,-100,-100,-100,-100,-100,-100,-100,-100,-100,-100,-100,-100,-100,-100,-100,-100,-100,-100,-100,-100,-100,-100,-100,-100,-100,-100,-100,-100,-100,-100,-100,-100,-100,-100,-100,-100,-100,-100,-99.99,-100,-100,-99.72,-98.93,-72.21,-75.86,-78.23,-65,-74.22,-95.91
city,Naples,-2,-5,-3,7,3,2,-1,8,7,2,2,0,5,-11,-5,-7,-1,0,2,-6,-18,-14,-13,-17,-24,-30,-38,-53,-72,-79,-83.78,-95.68,-100,-100,-100,-100,-100,-100,-100,-100,-100,-100,-100,-100,-100,-100,-100,-100,-100,-100,-100,-100,-100,-100,-100,-100,-100,-100,-100,-100,-100,-100,-100,-100,-100,-100,-100,-100,-100,-100,-100,-100,-100,-100,-100,-100,-77.05,-84.66,-78.1,-79.73,-60.54,-62.99,-72.19,-61.17,-52.04,-57.14,-52.77,-58.36,-51.78,-45.9,-55.82,-36.82,-35.03,-38.24,-47.41,-42.11
city,Nashville,13,7,-10,7,10,-12,-14,-12,-14,4,12,3,-3,2,-14,2,-3,0,5,-4,-13,-7,-21,-30,-37,-40,-54,-70,-92,-97,-98.59,-100,-100,-100,-100,-100,-100,-100,-100,-100,-100,-100,-100,-100,-100,-100,-100,-100,-100,-100,-100,-100,-100,-100,-100,-100,-100,-100,-100,-100,-100,-100,-100,-100,-100,-100,-100,-100,-100,-100,-100,-100,-100,-100,-100,-100,-100,-100,-100,-100,-100,-100,-100,-96.61,-95.72,-94.9,-93.99,-91.23,-90.66,-92.83,-91.47,-90.77,-88.23,-86.9,-86.39,-87.46
city,New Orleans,-9,1,14,23,10,21,109,102,9,-21,-21,-16,-27,-47,-59,-32,5,6,3,-3,-13,-13,-21,-28,-32,-39,-54,-63,-100,-100,-99.96,-100,-100,-100,-100,-100,-100,-100,-100,-100,-100,-100,-100,-100,-100,-100,-100,-100,-100,-100,-100,-100,-100,-100,-100,-100,-100,-100,-100,-100,-100,-100,-100,-100,-100,-100,-100,-100,-100,-100,-100,-100,-100,-100,-100,-100,-100,-100,-100,-100,-100,-100,-100,-100,-100,-100,-99.86,-99.02,-91.41,-91.74,-94.81,-91.4,-90.15,-89.11,-87.23,-88.26
city,New York,1,11,3,0,3,13,7,1,1,-2,1,-2,-2,-6,-12,-12,-9,-15,-10,-4,-18,-30,-36,-52,-61,-64,-69,-77,-100,-100,-100,-100,-100,-100,-100,-100,-100,-100,-100,-100,-100,-100,-100,-100,-100,-100,-100,-100,-100,-100,-100,-100,-100,-100,-100,-100,-100,-100,-100,-100,-100,-100,-100,-100,-100,-100,-100,-100,-100,-100,-100,-100,-100,-100,-100,-100,-100,-100,-100,-100,-100,-100,-100,-99.98,-100,-100,-99.98,-99.96,-99.96,-99.96,-99.19,-99.36,-98.63,-99.12,-99.51,-99.5
city,Orlando,-6,-3,-12,-7,2,4,5,0,14,21,5,1,4,-18,-18,-18,-2,-1,1,-8,-34,-37,-30,-30,-33,-32,-47,-53,-85,-90,-92.76,-97.48,-100,-100,-100,-100,-100,-100,-100,-100,-100,-100,-100,-100,-100,-100,-100,-100,-100,-100,-100,-100,-100,-100,-100,-100,-100,-100,-100,-100,-100,-100,-100,-100,-100,-100,-100,-100,-100,-100,-100,-100,-100,-100,-100,-100,-95.73,-95.93,-96.14,-94.86,-91.65,-92.45,-88.38,-91.59,-90.03,-90.88,-89.66,-87.01,-85.64,-86.98,-91.76,-88.23,-87.97,-84.37,-83.28,-81.85
city,Philadelphia,10,55,11,1,2,6,-2,-2,10,13,11,7,21,13,4,6,8,-7,1,3,-7,-14,-16,-39,-40,-48,-54,-85,-100,-100,-100,-100,-100,-100,-100,-100,-100,-100,-100,-100,-100,-100,-100,-100,-100,-100,-100,-100,-100,-100,-100,-100,-100,-100,-100,-100,-100,-100,-100,-100,-100,-100,-100,-100,-100,-100,-100,-100,-100,-100,-100,-100,-100,-100,-100,-100,-100,-100,-100,-100,-100,-100,-100,-99.98,-100,-100,-99.94,-99.98,-99.75,-99.79,-99.97,-99.98,-100,-100,-99.84,-99.92
city,Phoenix,-4,0,11,-1,0,1,7,3,-2,-2,7,-5,-11,-13,-21,-8,-8,-7,-6,-8,-18,-13,-28,-21,-28,-27,-45,-66,-86,-99,-99.65,-99.85,-100,-100,-100,-100,-100,-100,-100,-100,-100,-100,-100,-100,-100,-100,-100,-100,-100,-100,-100,-100,-100,-100,-100,-100,-100,-100,-100,-100,-100,-100,-100,-100,-99.09,-100,-100,-100,-100,-100,-100,-100,-100,-100,-100,-100,-100,-100,-100,-100,-100,-100,-100,-79.51,-84.97,-83.41,-82.16,-78.26,-78.98,-77.87,-83.35,-79.01,-79.16,-74.3,-68.78,-70.19
city,Pittsburgh,10,24,-14,-9,-4,-4,14,-3,-10,-19,-16,5,32,-12,-11,-2,-10,-17,9,1,-13,-31,-24,-42,-42,-48,-48,-63,-100,-100,-100,-100,-100,-100,-100,-100,-100,-100,-100,-100,-100,-100,-100,-100,-100,-100,-100,-100,-100,-100,-100,-100,-100,-100,-100,-100,-100,-100,-100,-100,-100,-100,-100,-100,-100,-100,-100,-100,-100,-100,-100,-100,-100,-100,-100,-100,-100,-100,-100,-100,-100,-100,-100,-100,-100,-100,-100,-100,-99.91,-100,-99.76,-100,-100,-100,-100,-100
city,Portland,1,-4,7,11,6,22,14,-7,17,4,-4,4,9,5,-3,-1,3,0,-3,5,-16,-7,-20,-32,-41,-39,-54,-61,-100,-100,-100,-100,-100,-100,-100,-100,-100,-100,-100,-100,-100,-100,-100,-100,-100,-100,-100,-100,-100,-100,-100,-100,-100,-100,-100,-100,-100,-100,-100,-100,-100,-100,-100,-100,-100,-100,-100,-100,-100,-100,-100,-100,-100,-100,-100,-100,-100,-100,-100,-100,-100,-100,-100,-100,-100,-99.9,-100,-100,-99.84,-99.75,-99.88,-99.91,-99.66,-99.64,-99.37,-100
city,Raleigh,7,10,-49,-9,4,1,-11,-9,-5,-1,-4,-2,1,-6,-9,-8,-13,-9,-9,-11,-18,-18,-15,-21,-29,-39,-55,-68,-97,-100,-100,-100,-100,-100,-100,-100,-100,-100,-100,-100,-100,-100,-100,-100,-100,-100,-100,-100,-100,-100,-100,-100,-100,-100,-100,-100,-100,-100,-100,-100,-100,-100,-100,-100,-100,-100,-100,-100,-100,-100,-100,-100,-100,-100,-100,-100,-100,-100,-100,-100,-100,-100,-100,-100,-100,-100,-100,-100,-99.96,-100,-100,-100,-100,-100,-91.72,-85.49
city,San Antonio,-6,-4,-5,2,-6,-15,-15,9,-5,5,1,-6,0,-6,-22,-10,-6,-8,-15,-23,-32,-22,-27,-28,-41,-39,-45,-59,-83,-91,-100,-100,-100,-100,-100,-100,-100,-100,-100,-100,-100,-100,-100,-100,-100,-100,-100,-100,-100,-100,-100,-100,-100,-100,-100,-100,-100,-100,-100,-100,-100,-100,-100,-100,-100,-100,-100,-100,-100,-100,-100,-100,-100,-85.37,-91.6,-91.96,-93.95,-88.8,-89.85,-88.38,-82.57,-87.58,-82.74,-84.4,-84.57,-85.54,-82.25,-79.94,-80.9,-82.32,-80.68,-80.55,-75.23,-74.03,-67.94,-70.56
city,San Diego,-1,9,7,-1,-12,-1,-11,-2,-3,4,3,12,-2,4,-2,-3,-1,-1,-1,-7,-13,-34,-31,-43,-43,-42,-49,-62,-100,-100,-99.58,-100,-100,-100,-100,-100,-100,-100,-100,-100,-100,-100,-100,-100,-100,-100,-100,-100,-100,-100,-100,-100,-100,-100,-100,-100,-100,-100,-100,-100,-100,-100,-100,-100,-100,-100,-100,-100,-100,-100,-100,-100,-100,-100,-100,-100,-100,-100,-100,-100,-100,-100,-100,-100,-100,-100,-99.85,-100,-99.98,-100,-100,-100,-100,-100,-93.47,-90.98
city,San Francisco,-15,-11,-4,-8,-9,-9,9,16,12,5,-8,-10,-18,-22,-24,-24,-22,-18,-18,-26,-41,-43,-43,-51,-53,-58,-72,-80,-100,-100,-100,-100,-100,-100,-100,-100,-99.97,-99.98,-99.94,-100,-100,-99.83,-99.98,-100,-100,-100,-100,-100,-100,-100,-99.83,-100,-100,-100,-100,-100,-100,-99.87,-100,-100,-100,-100,-100,-99.97,-100,-100,-100,-100,-100,-100,-100,-100,-100,-100,-100,-100,-100,-100,-100,-99.94,-100,-100,-100,-99.92,-99.98,-99.9,-99.88,-99.96,-99.98,-99.76,-99.95,-99.91,-99.83,-99.84,-99.91,-99.99
city,San Pedro Garza García,-9,-12,-5,4,10,17,4,-5,0,5,-1,17,8,25,14,9,-5,-1,19,-3,-22,1,-11,-22,-28,-34,-60,-65,-88,-94,-100,-100,-100,-100,-100,-100,-100,-100,-100,-100,-100,-100,-100,-100,-100,-100,-100,-100,-100,-100,-100,-100,-100,-100,-100,-100,-100,-100,-100,-100,-100,-100,-100,-100,-100,-100,-100,-100,-100,-100,-100,-100,-100,-100,-100,-100,-100,-100,-100,-100,-100,-100,-100,-100,-100,-100,-99.16,-99.93,-98.85,-99.98,-100,-100,-100,-100,-100,-99.44
city,Scottsdale,-3,-3,5,6,-5,5,-3,11,2,5,2,2,-4,-7,-6,1,-4,-2,-1,-10,-4,-16,-23,-22,-29,-25,-38,-54,-76,-90,-93.33,-96.28,-100,-100,-100,-100,-100,-100,-100,-100,-100,-100,-100,-100,-100,-100,-100,-100,-100,-100,-100,-100,-100,-100,-100,-100,-100,-100,-100,-100,-100,-100,-100,-100,-100,-100,-100,-100,-100,-100,-99.98,-100,-100,-100,-100,-100,-100,-100,-100,-100,-100,-100,-100,-69.09,-75.66,-72.05,-69.12,-66.16,-64.04,-66.42,-64,-60.8,-59.24,-49.62,-47.04,-47.68
city,Seattle,8,11,6,1,1,12,1,0,3,5,7,0,-18,-29,-31,-31,-36,-34,-35,-25,-47,-49,-54,-58,-63,-63,-62,-83,-100,-100,-100,-100,-100,-100,-100,-100,-100,-100,-100,-100,-100,-100,-100,-100,-100,-100,-100,-100,-100,-100,-100,-100,-100,-100,-100,-100,-100,-100,-100,-100,-100,-100,-100,-100,-100,-100,-100,-100,-100,-100,-100,-100,-100,-100,-100,-100,-100,-100,-100,-100,-100,-100,-100,-99.95,-99.6,-99.72,-99.97,-100,-99.95,-99.16,-99.86,-99.77,-99.64,-99.19,-99.86,-99.44
city,Tampa,7,5,2,-4,11,-6,-6,15,5,5,10,5,-15,12,3,10,-1,-1,0,-2,0,-15,-14,-16,-22,-23,-20,-48,-75,-84,-86.32,-94.9,-99.8,-100,-100,-100,-100,-100,-100,-100,-100,-100,-100,-100,-100,-100,-100,-100,-100,-100,-100,-100,-100,-100,-100,-100,-100,-100,-100,-100,-100,-100,-100,-100,-100,-100,-100,-100,-100,-100,-100,-100,-100,-100,-100,-100,-80.27,-77.89,-83.34,-78.15,-76.52,-76.75,-78.63,-76.73,-72.78,-70.79,-68.45,-63.03,-61.95,-60.25,-77.89,-68.77,-65.04,-58.78,-48.46,-46.31
city,Toronto,-14,-8,-9,-9,-4,12,-8,-7,-6,-17,-16,-5,-9,-10,-9,-2,-2,-15,-7,5,-18,-21,-28,-37,-49,-49,-54,-76,-100,-100,-100,-100,-100,-100,-100,-100,-100,-100,-100,-100,-100,-100,-100,-100,-100,-100,-100,-100,-100,-100,-100,-100,-100,-100,-100,-100,-100,-100,-100,-100,-100,-100,-100,-100,-100,-100,-100,-100,-100,-100,-100,-100,-100,-100,-100,-100,-100,-100,-100,-100,-100,-100,-100,-99.99,-100,-99.95,-99.77,-100,-99.22,-99.7,-99.84,-99.11,-98.68,-99.51,-99.5,-99.38
city,Vancouver,9,1,7,6,7,2,1,3,1,-5,-1,1,-2,-10,-6,-6,-2,-5,-15,-1,1,-6,-17,-24,-36,-33,-36,-53,-98,-99,-99.84,-99.94,-100,-100,-100,-100,-100,-100,-100,-100,-100,-100,-100,-100,-100,-100,-100,-100,-100,-100,-100,-100,-100,-100,-100,-100,-100,-100,-100,-100,-100,-100,-100,-100,-100,-100,-100,-100,-100,-100,-100,-100,-100,-100,-100,-100,-100,-100,-100,-100,-100,-100,-100,-100,-100,-99.61,-100,-100,-99.8,-100,-100,-93.02,-93.9,-95.56,-92.74,-91.67
city,Washington,-5,57,9,0,9,16,13,9,9,2,4,2,6,0,-8,8,-4,-5,1,0,-9,-18,-22,-38,-44,-44,-55,-76,-100,-100,-100,-100,-100,-100,-100,-100,-100,-100,-100,-100,-100,-100,-100,-100,-100,-100,-100,-100,-100,-100,-100,-100,-100,-100,-100,-100,-100,-100,-100,-100,-100,-100,-100,-100,-100,-100,-100,-100,-100,-100,-100,-100,-100,-100,-100,-100,-100,-100,-100,-100,-100,-100,-100,-100,-100,-100,-99.98,-99.97,-97.26,-97.71,-97.93,-96.74,-97.72,-96.85,-98.48,-99.11